[
    {
        "nome": "alzr", 
        "qtde": 22,
        "totalgasto": 820.1
    },
    {
        "nome": "bcri",
        "qtde": 40,
        "totalgasto": 13120.1
    },
    {
        "nome": "brcr",
        "qtde": 35,
        "totalgasto": 4120.1
    },
    {
        "nome": "cpff",
        "qtde": 123,
        "totalgasto": 2120.1
    },
    {
        "nome": "cpts",
        "qtde": 70,
        "totalgasto": 56766.1
    },
    {
        "nome": "habt",
        "qtde": 88,
        "totalgasto": 123111.1
    },
    {
        "nome": "hctr",
        "qtde": 56,
        "totalgasto": 123456.1
    },
    {
        "nome": "hgbs",
        "qtde": 10,
        "totalgasto": 567.1
    },
    {
        "nome": "hglg",
        "qtde": 17,
        "totalgasto": 345.1
    },
    {
        "nome": "hgre",
        "qtde": 21,
        "totalgasto": 123.1
    },
    {
        "nome": "irdm",
        "qtde": 95,
        "totalgasto": 123453.1
    },
    {
        "nome": "knri",
        "qtde": 30,
        "totalgasto": 345.1
    },
    {
        "nome": "rbff",
        "qtde": 70,
        "totalgasto": 9867.1
    },
    {
        "nome": "recr",
        "qtde": 60,
        "totalgasto": 1120.1
    }
]



